,filename,results
0,DigiMV2020_3SQ8GWXCW8_0_62072900_Accountantsverklaring_10327_Stichting Su International Zorg.pdf,[19]
1,DigiMV2020_35UV4S7BZK_0_32123338_Jaarrekening_8337_Diapriva Buitenveldert B.V..pdf,[21]
2,DigiMV2020_VT8B2LBAYM_0_71901892_Accountantsverklaring_9354_De Heeren van de Archipel B.V..pdf,[]
3,DigiMV2020_D9C4D103-65DD-4B07-B044-1B76EC90CA12_0_64768325_Jaarrekening_5993_WorkMate Company B.V..pdf,[8]
4,DigiMV2020_Q8L7XPKNJT_0_08130883_Overig_3379_Zorggroep Sint Maarten (Stichting).pdf,[]
5,DigiMV2020_LV4P6KPNUP_0_28115229_Accountantsverklaring_9836_Nova Zembla Zorg Oegstgeest B.V..pdf,"[1, 49]"
6,DigiMV2020_3P8LQHQPM8_0_57615225_Jaarrekening_9946_Cumulus Home B.V..pdf,"[18, 19, 26]"
7,DigiMV2020_NRKA9QRMGB_0_27261487_Overig_9949_Impegno Begeleiding B.V..pdf,"[46, 61, 72]"
8,DigiMV2020_YS7LULD4KT_0_41180521_Accountantsverklaring_4741_Timon.pdf,[]
9,DigiMV2020_XERQ6R369T_0_52496333_Jaarrekening_9970_Thuiszorg Samen Verder B.V..pdf,[26]
10,DigiMV2020_9RSYC6CNZQ_0_34289162_Jaarrekening_7279_UvA - Minds B.V..pdf,[]
11,DigiMV2020_3UE55WDKVY_0_76036782_Jaarrekening_2484_Stichting Volantis in zorg.pdf,[]
12,DigiMV2020_CFCD88V3B6_0_70317135_Jaarrekening_7872_Bij Bram B.V..pdf,[]
13,DigiMV2020_ZCZAXR72PQ_0_39082135_Accountantsverklaring_5223_Centrum Integrale Revalidatie (CIR) Eindhoven B.V..pdf,"[3, 11, 13, 16]"
14,DigiMV2020_3GNV9XGZH7_0_39084589_Jaarrekening_5023_Zorggroep Oude en Nieuwe Land (Stichting).pdf,"[28, 34]"
15,DigiMV2020_AAVWAM4N5A_0_76622967_Jaarrekening_9886_Thuiszorg Maria B.V..pdf,[]
16,DigiMV2020_QEQU6EU5TA_0_74903837_Jaarrekening_8216_SUMMA CURA B.V..pdf,[]
17,DigiMV2020_YV6UMCWRU8_0_62984594_Jaarrekening_11819_Esila Zorg .pdf,"[5, 12]"
18,DigiMV2020_V2VVK25YEG_0_41090962_Jaarrekening_9494_Valkenhof (Stichting).pdf,"[23, 24]"
19,DigiMV2020_BRD3TMPJ2P_0_60824522_Jaarrekening_8195_Via Almata.pdf,"[22, 24]"
20,DigiMV2020_JA2HLR52TW_0_60592516_Jaarrekening_8634_Onvergetelijk Leven B.V..pdf,[]
21,DigiMV2020_9ULLUHFBB7_0_01178096_Accountantsverklaring_3658_Alliade (Stichting).pdf,[]
22,DigiMV2020_2EE65ATJV7_0_65613902_Accountantsverklaring_10496_Curae Zorg (B.V).pdf,[15]
23,DigiMV2020_QUEY4A9BSP_0_68681437_Accountantsverklaring_3937_Coöperatie De MARQ U.A..pdf,[]
24,DigiMV2020_QV3MJLR5MT_0_34126509_Accountantsverklaring_9639_Blijf Groep (Stichting).pdf,"[6, 74, 85]"
25,DigiMV2020_2SFYKJN5QQ_0_73866121_Jaarrekening_4242_Gezins-logeerhuis Dolfijn B.V..pdf,[]
26,DigiMV2020_YU9MQ3YGWA_0_75534614_Accountantsverklaring_3671_De Kans Nr. 2 B.V..pdf,[]
27,DigiMV2020_9N4LX9DD26_0_51709015_Accountantsverklaring_4951_Adelante Groep (Stichting).pdf,[]
28,DigiMV2020_3568ZQQZ8T_0_41222646_Jaarrekening_9679_Stichting Epilepsie Instellingen Nederland (SEIN).pdf,"[6, 9, 31, 32]"
29,DigiMV2020_W7BRXAKJHK_0_34184617_Jaarrekening_6087_Zorg Ondersteuning Nederland (Stichting).pdf,[39]
30,DigiMV2020_YAFG4VRC5B_0_18073585_Accountantsverklaring_8403_Actief Zorg B.V..pdf,[18]
31,DigiMV2020_RCYDFCRD2M_0_66605571_Accountantsverklaring_2286_Broeder en Zuster Zorg Coöperatie U.A..pdf,[]
32,DigiMV2020_952MCAAJYH_0_57648107_Accountantsverklaring_9584_Stichting OpenDoor.pdf,[]
33,DigiMV2020_J6TC5GFLQK_0_51507455_Overig_4487_Psy-zo! B.V..pdf,"[0, 1]"
34,DigiMV2020_7FMRR3X2P7_0_05072572_Jaarrekening_6286_Stichting ZGR.pdf,"[28, 29]"
35,DigiMV2020_3GNV9XGZH7_0_39084589_Accountantsverklaring_5022_Zorggroep Oude en Nieuwe Land (Stichting).pdf,[]
36,DigiMV2020_YKZW5ADQBR_0_55113060_Jaarrekening_6211_Met de Thuiszorg B.V..pdf,[]
37,DigiMV2020_17F1BD22-951C-485F-ABA8-659FA1D20ACC_0_67714080_Accountantsverklaring_12413_Zintri Home 4 You B.V..pdf,[]
38,DigiMV2020_Y4UQ2QPPYR_0_67700217_Jaarrekening_8134_Aeger Zorg B.V..pdf,[]
39,DigiMV2020_A67P9D2ADJ_0_71187022_Jaarrekening_3101_Hifive B.V..pdf,[]
40,DigiMV2020_YKCS3E22JB_0_50852809_Accountantsverklaring_2206_ReVisie (Stichting).pdf,[]
41,DigiMV2020_GFBTSERGDJ_0_70813507_Jaarrekening_3965_Arella Zorg B.V..pdf,[]
42,DigiMV2020_9RSYC6CNZQ_0_34289162_Overig_7441_UvA - Minds B.V..pdf,"[0, 1, 2]"
43,DigiMV2020_R9FNR7UGGR_0_67315704_Jaarrekening_2505_Versterk B.V..pdf,[]
44,DigiMV2020_3GQMYFA5DG_0_27278745_Jaarrekening_4239_Fundis (Stichting).pdf,[8]
45,DigiMV2020_YV6UMCWRU8_0_62984594_Overig_11829_Esila Zorg .pdf,"[2, 3]"
46,DigiMV2020_4GNRGZ997U_0_68089856_Jaarrekening_7719_Home Instead Thuisservice 't Gooi B.V..pdf,[]
47,DigiMV2020_YAZ7UUHPFR_0_04062063_Jaarrekening_2293_Stichting Yorneo.pdf,"[26, 28]"
48,DigiMV2020_ZY4A4NPGSB_0_74804367_Overig_3979_Stichting Maashorst Oogkliniek.pdf,"[0, 1, 2]"
49,DigiMV2020_JPTWGK5ZTV_0_72111526_Jaarrekening_12307_Nacos Zorg B.V..pdf,[]
50,DigiMV2020_48DMT4S6VT_0_65744845_Accountantsverklaring_3792_Ter Wal Woonzorg (B.V)..pdf,[3]
51,DigiMV2020_RTF7STET86_0_73533130_Jaarrekening_9786_Gezinshuis De Basis B.V..pdf,[37]
52,DigiMV2020_WEEQVWUASW_0_66874912_Accountantsverklaring_5513_ZieZo Jeugd & Gezin.pdf,[20]
53,DigiMV2020_3UE55WDKVY_0_76036782_Accountantsverklaring_7816_Stichting Volantis in zorg.pdf,[]
54,DigiMV2020_WPUAXVKR2B_0_20100506_Accountantsverklaring_4409_GGZ Westelijk Noord-Brabant _ GGZ-WNB (Stichting).pdf,[]
55,DigiMV2020_YKUGZBQ36B_0_50625586_Accountantsverklaring_9264_G-kracht psychomedisch Centrum B.V..pdf,[1]
56,DigiMV2020_9N59K46D99_0_61192120_Overig_10470_Uitblinkers (Stichting).pdf,[0]
57,DigiMV2020_W7BRXAKJHK_0_34184617_Accountantsverklaring_6089_Zorg Ondersteuning Nederland (Stichting).pdf,[39]
58,DigiMV2020_LV4P6KPNUP_0_28115229_Overig_9837_Nova Zembla Zorg Oegstgeest B.V..pdf,[]
59,DigiMV2020_9U4X7RVRQ7_0_24475999_Accountantsverklaring_4176_Stichting Agrarische Zorgonderneming Vlist.pdf,[]
60,DigiMV2020_NF6GZ3V2XX_0_76669181_Accountantsverklaring_10289_Tulp Thuiszorg B.V..pdf,[]
61,DigiMV2020_VTRD5U4EU7_0_53745817_Jaarrekening_5157_Juutsom (Stichting).pdf,"[4, 12, 34]"
62,DigiMV2020_74BNPR6FYK_0_41223176_Accountantsverklaring_4207_Nieuw Unicum (Stichting).pdf,[]
63,DigiMV2020_BM7QMFLTBU_0_69868484_Jaarrekening_3182_Voetpolikliniek Deventer B.V..pdf,[]
64,DigiMV2020_NWZMHSPC4B_0_08124168_Accountantsverklaring_9661_Braams.pdf,[0]
65,DigiMV2020_9U4X7RVRQ7_0_24475999_Jaarrekening_4175_Stichting Agrarische Zorgonderneming Vlist.pdf,"[19, 20, 24, 25]"
66,DigiMV2020_A67P9D2ADJ_0_71187022_Accountantsverklaring_3102_Hifive B.V..pdf,[]
67,DigiMV2020_6UW4FVWC66_0_60993790_Jaarrekening_3049_De Steenrots (Stichting).pdf,[41]
68,DigiMV2020_Q4UWA2NASM_0_62152998_Jaarrekening_5143_Amare Zorg & Zo B.V..pdf,[36]
69,DigiMV2020_K85NF72CTC_0_60228512_Jaarrekening_4510_Zorgbureau Daadkracht (B.V.).pdf,"[1, 2]"
70,DigiMV2020_JA2HLR52TW_0_60592516_Overig_8636_Onvergetelijk Leven B.V..pdf,[]
71,DigiMV2020_45U84PR3CC_0_70036225_Accountantsverklaring_8985_Begeleiding met 4 poten B.V..pdf,[]
72,DigiMV2020_58BBYBBLGX_0_66134692_Jaarrekening_4357_Edsersheerd B.V..pdf,[]
73,DigiMV2020_VTAA3W23W6_0_09137871_Jaarrekening_7346_Vitaal thuiszorg B.V..pdf,"[6, 19, 20]"
74,DigiMV2020_J6LS9AXL99_0_34337713_Overig_7303_ROZA zorg.pdf,[]
75,DigiMV2020_3PLKL7P986_0_54767636_Jaarrekening_10566_Villa Attent B.V..pdf,"[6, 25]"
76,DigiMV2020_7RZQMKQXVZ_0_59286180_Jaarrekening_8039_Tandzorg Chirurgie (Stichting).pdf,[]
77,DigiMV2020_W7WAWWUS8R_0_09181367_Jaarrekening_5539_Insula Dei Huize Kohlmann.pdf,"[15, 25, 27]"
78,DigiMV2020_SMSZ8XSNUW_0_51498243_Jaarrekening_10278_Bij de Hoeve (Stichting).pdf,[]
79,DigiMV2020_YH3GZJBMPT_0_68396252_Jaarrekening_3555_Zorgbureau Brabant B.V..pdf,[8]
80,DigiMV2020_V29CGSCFQT_0_41130271_Accountantsverklaring_3263_Stichting Helen Dowling Instituut.pdf,"[7, 18]"
81,DigiMV2020_7H9MKDGKS6_0_14100256_Accountantsverklaring_6389_U-center B.V..pdf,[]
82,DigiMV2020_WTUP2VUVXT_0_75965348_Accountantsverklaring_3399_Spirant B.V..pdf,[]
83,DigiMV2020_V28VTN6WUT_0_41102051_Jaarrekening_4583_Ruitersbos (Stichting).pdf,"[6, 18, 19]"
84,DigiMV2020_3GU8R9N4R7_0_41022558_Accountantsverklaring_9811_Rosengaerde (Stichting).pdf,[]
85,DigiMV2020_Q8L7XPKNJT_0_08130883_Jaarrekening_3271_Zorggroep Sint Maarten (Stichting).pdf,"[33, 34, 35]"
86,DigiMV2020_QV3MJLR5MT_0_34126509_Jaarrekening_9632_Blijf Groep (Stichting).pdf,"[6, 74, 85]"
87,DigiMV2020_V29CGSCFQT_0_41130271_Jaarrekening_3262_Stichting Helen Dowling Instituut.pdf,"[6, 26]"
88,DigiMV2020_D9C4D103-65DD-4B07-B044-1B76EC90CA12_0_64768325_Accountantsverklaring_5991_WorkMate Company B.V..pdf,[]
89,DigiMV2020_YKCS3E22JB_0_50852809_Jaarrekening_2203_ReVisie (Stichting).pdf,[]
90,DigiMV2020_W7A2ATE2CT_0_17225014_Jaarrekening_4906_Mariënstede (Stichting).pdf,"[28, 29, 30]"
91,DigiMV2020_N8JZBEWR59_0_59184833_Jaarrekening_7757_Rima Zorg (B.V)..pdf,[]
92,DigiMV2020_YSEU2AY7YB_0_41066110_Accountantsverklaring_4303_Stichting Sint Jozef Wonen en Zorg.pdf,[]
93,DigiMV2020_VTU96J8DBT_0_09063038_Jaarrekening_9881_Nieuwland Opleidingen B.V..pdf,"[13, 26, 29, 30]"
94,DigiMV2020_XERQ6R369T_0_52496333_Accountantsverklaring_9964_Thuiszorg Samen Verder B.V..pdf,[]
95,DigiMV2020_ZFUYDP8F3S_0_63136627_Jaarrekening_9981_Netwerk Psychologen (B.V).pdf,"[16, 26]"
96,DigiMV2020_GD96VM65MB_0_24493611_Accountantsverklaring_8350_Coach-Point.pdf,[]
97,DigiMV2020_Q8ZLS8EU4K_0_32139459_Accountantsverklaring_4497_De Kinderkliniek (Stichting).pdf,[0]
98,DigiMV2020_X6DXK3F4Y4_0_50713957_Jaarrekening_9304_Zorgboerderij Zon van Gerechtigheid (Stichting).pdf,[]
99,DigiMV2020_VDPYDPY62S_0_30231404_Jaarrekening_3099_Zorgboerderij Bruintjes.pdf,[]
100,DigiMV2020_W7WAWWUS8R_0_09181367_Accountantsverklaring_5540_Insula Dei Huize Kohlmann.pdf,[]
101,DigiMV2020_3PLKL7P986_0_54767636_Overig_11872_Villa Attent B.V..pdf,[]
102,DigiMV2020_YY3W7LCG29_0_09109870_Jaarrekening_2767_BOTS Begeleiding B.V..pdf,[]
103,DigiMV2020_45U84PR3CC_0_70036225_Jaarrekening_8983_Begeleiding met 4 poten B.V..pdf,"[16, 24]"
104,DigiMV2020_W45BSVWTXN_0_68308248_Jaarrekening_12026_Stichting Maatschappelijke Opvang en Ontmoeting Lichtpunt.pdf,[]
105,DigiMV2020_UNXVC6U6BU_0_69006970_Accountantsverklaring_7831_GGZ Santana B.V..pdf,"[4, 6, 8, 9, 10]"
106,DigiMV2020_M5U5V2NZ8B_0_41177374_Jaarrekening_2489_Sportmedisch Adviescentrum Utrecht (Stichting).pdf,[13]
107,DigiMV2020_9ULLUHFBB7_0_01178096_Jaarrekening_3643_Alliade (Stichting).pdf,"[33, 44, 68, 69, 70, 73, 78]"
108,DigiMV2020_QCH8HH8LVB_0_39099109_Jaarrekening_6432_DeMensZo _ Kiewiet Welzijn B.V..pdf,[]
109,DigiMV2020_9BDJQSFXXT_0_41136257_Accountantsverklaring_4257_Stichting Zorgbeheer De Zellingen.pdf,[]
110,DigiMV2020_WEEQVWUASW_0_66874912_Jaarrekening_4993_ZieZo Jeugd & Gezin.pdf,[2]
111,DigiMV2020_RTF7STET86_0_73533130_Accountantsverklaring_9787_Gezinshuis De Basis B.V..pdf,[]
112,DigiMV2020_XL63RZL4JR_0_09182200_Jaarrekening_12375_Flebologisch Centrum Grave (Stichting).pdf,[]
113,DigiMV2020_RCYDFCRD2M_0_66605571_Jaarrekening_2285_Broeder en Zuster Zorg Coöperatie U.A..pdf,[]
114,DigiMV2020_QVYWGWX4F7_0_76711137_Jaarrekening_5559_GewoonUNIEK B.V..pdf,"[22, 23]"
115,DigiMV2020_NXUF5UTNW6_0_54248353_Jaarrekening_3144_PGVZ B.V..pdf,[35]
116,DigiMV2020_KALAGS7CU6_0_68437056_Jaarrekening_4835_Enver (Stichting).pdf,"[25, 46, 55, 67]"
117,DigiMV2020_W7SYCM8RY6_0_41088848_Jaarrekening_8143_Archipel (Stichting).pdf,"[25, 26, 27, 28]"
118,DigiMV2020_JPTWGK5ZTV_0_72111526_Jaarrekening_12308_Nacos Zorg B.V..pdf,[]
119,DigiMV2020_YV35NPBB9Q_0_57949735_Jaarrekening_8243_Stichting Jolijt.pdf,[]
120,DigiMV2020_4NJC3L4LE3_0_56496168_Jaarrekening_7625_Hand- en Pols Revalidatie Amsterdam (Stichting).pdf,"[9, 14, 15]"
121,DigiMV2020_X3KVZJXVC9_0_50561006_Jaarrekening_10216_BPM Zorg (Stichting).pdf,[]
122,DigiMV2020_ZFUYDP8F3S_0_63136627_Accountantsverklaring_9984_Netwerk Psychologen (B.V).pdf,"[16, 26]"
123,DigiMV2020_QV9C49YXHK_0_24376932_Jaarrekening_11854_Antes  (Stichting).pdf,"[45, 46]"
124,DigiMV2020_BXGPH93D8J_0_73645249_Jaarrekening_7336_Samen Sterk Pedagogische Gezinsbegeleiding en Coaching.pdf,[]
125,DigiMV2020_VTU96J8DBT_0_09063038_Accountantsverklaring_9882_Nieuwland Opleidingen B.V..pdf,"[13, 26, 29, 30]"
126,DigiMV2020_E5D7SJMDXP_0_23088794_Accountantsverklaring_11939_Stichting Palliatieve Zorg Dirksland.pdf,[]
127,DigiMV2020_VFRJNPMHBK_0_09109443_Jaarrekening_2643_Pactum jeugd- en opvoedhulp (Stichting).pdf,[]
128,DigiMV2020_ZQEK5SZEJK_0_75251787_Jaarrekening_5334_ReubeZorg B.V..pdf,[]
129,DigiMV2020_ULVV99BV28_0_67176771_Jaarrekening_5689_Excellent Klinieken (Stichting).pdf,[]
130,DigiMV2020_YYJLDTYC76_0_34327040_Jaarrekening_9130_Thuiszorg De Lindeboom (Stichting).pdf,"[21, 22]"
131,DigiMV2020_3GQMYFA5DG_0_27278745_Accountantsverklaring_4965_Fundis (Stichting).pdf,[]
132,DigiMV2020_9BE2KLCKHB_0_41125548_Jaarrekening_3967_IJsselmonde-Oost (Stichting).pdf,"[22, 23]"
133,DigiMV2020_CF8G4APUHK_0_17151298_Accountantsverklaring_2754_MEE De Meent Groep.pdf,[]
134,DigiMV2020_W7RNDAWSW6_0_09140622_Accountantsverklaring_7998_Woonzorgnet B.V..pdf,[]
135,DigiMV2020_YL4SXLAD4P_0_24249613_Accountantsverklaring_9797_Yalisco Thuiszorg Groot Brabant B.V..pdf,"[3, 19, 21]"
136,DigiMV2020_TUG42X2U47_0_74282603_Jaarrekening_2441_Praktijk WIJS B.V..pdf,[]
137,DigiMV2020_BPB94F2TBL_0_74258966_Jaarrekening_6722_Mare Bijzondere Zorg B.V..pdf,[]
138,DigiMV2020_35DBSZPBCT_0_17264964_Jaarrekening_5060_Senzer (Stichting).pdf,"[22, 56, 57]"
139,DigiMV2020_CEJX739LD9_0_02095203_Jaarrekening_9550_Amigo (Stichting).pdf,"[20, 21]"
140,DigiMV2020_5TU9NSBJWL_0_64058956_Jaarrekening_6085_KluppluZ B.V..pdf,[]
141,DigiMV2020_QUJJNNFVJU_0_64818306_Accountantsverklaring_12497_Betsy Innovations the Netherlands (B.V).pdf,[]
142,DigiMV2020_J6TC5GFLQK_0_51507455_Overig_4488_Psy-zo! B.V..pdf,[]
143,DigiMV2020_3GQMYFA5DG_0_27278745_Accountantsverklaring_4222_Fundis (Stichting).pdf,[30]
144,DigiMV2020_JQLVS9YGQC_0_63957906_Jaarrekening_8924_Medisch Centrum Bloemendaal Dermatologie (Stichting).pdf,[]
145,DigiMV2020_UNXVC6U6BU_0_69006970_Jaarrekening_5384_GGZ Santana B.V..pdf,"[2, 4, 5, 6, 15]"
146,DigiMV2020_6UW4FVWC66_0_60993790_Accountantsverklaring_3054_De Steenrots (Stichting).pdf,[41]
147,DigiMV2020_JAVZ8Q2QKM_0_63849534_Jaarrekening_7140_geWOONzo.NU B.V..pdf,[]
148,DigiMV2020_7FHWSGF3X7_0_65680200_Accountantsverklaring_2744_Trivers Psychologie B.V..pdf,[]
149,DigiMV2020_QV9C49YXHK_0_24376932_Accountantsverklaring_11747_Antes  (Stichting).pdf,[]
150,DigiMV2020_MER6QTBPWE_0_64286959_Accountantsverklaring_8209_De Toekomst (Stichting).pdf,[]
151,DigiMV2020_A2E3BF01-DBC1-47B5-8109-87315F59222B_0_74659421_Jaarrekening_10434_Phylo B.V..pdf,[]
152,DigiMV2020_AFMQDKAPK4_0_68161093_Jaarrekening_3787_Salders doet B.V..pdf,[]
153,DigiMV2020_ZL5QGFXB4J_0_75791307_Accountantsverklaring_7552_Elis Dagbesteding B.V..pdf,[]
154,DigiMV2020_TK66QTX6P7_0_71212426_Jaarrekening_12502_Avance Zorg B.V..pdf,"[20, 21]"
155,DigiMV2020_9DNUT9MFTR_0_66986974_Jaarrekening_3556_Reva Clinic (Stichting).pdf,"[1, 9, 13, 19, 22]"
156,DigiMV2020_D378NP2TA9_0_30202982_Jaarrekening_6141_Het Jagerhuis B.V..pdf,[]
157,DigiMV2020_9NL4P7TQBK_0_20143759_Accountantsverklaring_6566_Stichting 't Huus.pdf,[]
158,DigiMV2020_YS7LULD4KT_0_41180521_Jaarrekening_4740_Timon.pdf,[25]
159,DigiMV2020_Q4UWA2NASM_0_62152998_Accountantsverklaring_5144_Amare Zorg & Zo B.V..pdf,[36]
160,DigiMV2020_4KN9CEVRX8_0_72957611_Jaarrekening_7854_Stichting Echocura.pdf,"[0, 7]"
161,DigiMV2020_MER6QTBPWE_0_64286959_Jaarrekening_8207_De Toekomst (Stichting).pdf,[]
162,DigiMV2020_RWPPD2QHS6_0_62121529_Accountantsverklaring_8467_BIBI Huis.pdf,[]
163,DigiMV2020_N7PBJ6YHGC_0_53496914_Accountantsverklaring_11769_Eucura (Stichting).pdf,[1]
164,DigiMV2020_AAVWAM4N5A_0_76622967_Overig_9903_Thuiszorg Maria B.V..pdf,[]
165,DigiMV2020_35DBSZPBCT_0_17264964_Accountantsverklaring_5061_Senzer (Stichting).pdf,[]
166,DigiMV2020_CF8G4APUHK_0_17151298_Jaarrekening_2753_MEE De Meent Groep.pdf,"[21, 43, 45]"
167,DigiMV2020_YAFG4VRC5B_0_18073585_Jaarrekening_8402_Actief Zorg B.V..pdf,[18]
168,DigiMV2020_J6C7GWREX6_0_52716325_Accountantsverklaring_7397_KompAss B.V..pdf,[23]
169,DigiMV2020_JA2HLR52TW_0_60592516_Accountantsverklaring_8635_Onvergetelijk Leven B.V..pdf,[]
170,DigiMV2020_593R9JZ8FN_0_80429939_Jaarrekening_7821_Claudia's Care Center B.V..pdf,[12]
171,DigiMV2020_9SFYDE48FD_0_76877434_Jaarrekening_3680_Numodozorg B.V..pdf,[]
172,DigiMV2020_TUG42X2U47_0_74282603_Accountantsverklaring_2440_Praktijk WIJS B.V..pdf,[]
173,DigiMV2020_VFM29THY99_0_01099530_Jaarrekening_3057_Regiecentrum Bescherming en Veiligheid (Stichting) .pdf,"[29, 30, 31]"
174,DigiMV2020_WTUP2VUVXT_0_75965348_Jaarrekening_3398_Spirant B.V..pdf,[]
175,DigiMV2020_NWZMHSPC4B_0_08124168_Jaarrekening_9660_Braams.pdf,"[7, 14]"
176,DigiMV2020_QUJJNNFVJU_0_64818306_Jaarrekening_12498_Betsy Innovations the Netherlands (B.V).pdf,"[5, 19]"
177,DigiMV2020_9BJ7W3L85G_0_12065323_Accountantsverklaring_7988_Proteion Groep (Stichting).pdf,"[30, 31, 45]"
178,DigiMV2020_AKQBMV8EUB_0_60576901_Jaarrekening_2905_Joy Living.pdf,[]
179,DigiMV2020_7ZGSFWPEJS_0_65311272_Jaarrekening_7857_Hart voor Jeugd.pdf,"[23, 29, 30]"
180,DigiMV2020_3GH4J7JM3R_0_41208154_Jaarrekening_11833_Leger des Heils Welzijns- en Gezondheidszorg (Stichting).pdf,"[34, 36, 37, 38, 108, 109, 110]"
181,DigiMV2020_3GQMYFA5DG_0_27278745_Jaarrekening_4219_Fundis (Stichting).pdf,"[23, 25, 38, 39, 40]"
182,DigiMV2020_GD96VM65MB_0_24493611_Jaarrekening_8349_Coach-Point.pdf,"[15, 26, 30]"
183,DigiMV2020_J6RBML9WDG_0_08175913_Jaarrekening_5837_Het Heft (Stichting).pdf,[]
184,DigiMV2020_NZA9A34CYB_0_37138130_Accountantsverklaring_3258_MagentaZorg (Stichting).pdf,[]
185,DigiMV2020_L5QRBVQAF6_0_75277301_Jaarrekening_12477_Zorgboerderij de Rietstulp B.V..pdf,[]
186,DigiMV2020_YSEU2AY7YB_0_41066110_Jaarrekening_4302_Stichting Sint Jozef Wonen en Zorg.pdf,"[24, 25, 26]"
187,DigiMV2020_YKNNQYKASR_0_54735211_Jaarrekening_8684_Cura Clinic (Stichting).pdf,[]
188,DigiMV2020_NCEL8ZKWEG_0_66386861_Jaarrekening_7021_Praktijkvoordelft B.V..pdf,[]
189,DigiMV2020_TC2Y4QWDE7_0_71454276_Jaarrekening_10469_EVSA CARE B.V..pdf,[]
190,DigiMV2020_JQLVS9YGQC_0_63957906_Accountantsverklaring_8925_Medisch Centrum Bloemendaal Dermatologie (Stichting).pdf,[]
191,DigiMV2020_XVTQ3Z7UQ2_0_69164789_Accountantsverklaring_8428_Huid Medisch Centrum.pdf,[0]
192,DigiMV2020_CF7888EA-D8D4-468C-A455-A040409BA47A_0_80146112_Jaarrekening_6720_Chances Plus B.V..pdf,[]
193,DigiMV2020_BPB94F2TBL_0_74258966_Accountantsverklaring_6723_Mare Bijzondere Zorg B.V..pdf,[]
194,DigiMV2020_YKTEZ2MUF6_0_54137241_Accountantsverklaring_2334_MKA Groep B.V..pdf,[]
195,DigiMV2020_4ZCTJ3K37P_0_73327263_Jaarrekening_4685_DwarsDoen B.V..pdf,[]
196,DigiMV2020_ZCZAXR72PQ_0_39082135_Jaarrekening_5222_Centrum Integrale Revalidatie (CIR) Eindhoven B.V..pdf,"[3, 11, 13, 16]"
197,DigiMV2020_9RSYC6CNZQ_0_34289162_Accountantsverklaring_7280_UvA - Minds B.V..pdf,[]
198,DigiMV2020_L5QRBVQAF6_0_75277301_Accountantsverklaring_12475_Zorgboerderij de Rietstulp B.V..pdf,[]
199,DigiMV2020_RWPPD2QHS6_0_62121529_Jaarrekening_8465_BIBI Huis.pdf,[]
200,DigiMV2020_G29ME33NA4_0_52397424_Jaarrekening_8265_Zorgboerderij De Kruidenhoeve.pdf,[]
201,DigiMV2020_9BS5RCA656_0_41130278_Accountantsverklaring_8852_Verpleeghuis Salem (Stichting).pdf,[]
202,DigiMV2020_5J63CFF5Z5_0_66397375_Accountantsverklaring_3918_Stichting PsyNovo.pdf,[]
203,DigiMV2020_X9ZWEKZNRT_0_41017323_Accountantsverklaring_3997_Wilhelmina Ziekenhuis Assen (Stichting).pdf,[]
204,"DigiMV2020_W7LEVZYNC6_0_41244219_Accountantsverklaring_5201_Woon-, Zorg- en Dienstencentrum 't Dijkhuis (Stichting).pdf",[]
205,DigiMV2020_3GQMYFA5DG_0_27278745_Accountantsverklaring_4220_Fundis (Stichting).pdf,"[23, 25, 38, 39, 40]"
206,DigiMV2020_9U7ZL37VMB_0_41194854_Jaarrekening_3055_Stichting Merem Medische Revalidatie.pdf,"[13, 79]"
207,DigiMV2020_3GQMYFA5DG_0_27278745_Jaarrekening_4964_Fundis (Stichting).pdf,"[22, 30, 51, 52, 53]"
208,DigiMV2020_V253SRE45G_0_41244295_Accountantsverklaring_3191_Deventer Ziekenhuis (Stichting).pdf,[1]
209,DigiMV2020_XE5WC75KUB_0_39080795_Jaarrekening_6272_Royal Care B.V..pdf,[]
210,DigiMV2020_TBQ6968AHS_0_61637777_Overig_5799_Stichting Astara.pdf,[]
211,DigiMV2020_XEL3M3U5U6_0_24368210_Jaarrekening_9415_Zorginstelling De Terp (Stichting).pdf,[25]
212,DigiMV2020_YYJLDTYC76_0_34327040_Accountantsverklaring_9131_Thuiszorg De Lindeboom (Stichting).pdf,"[3, 4]"
213,DigiMV2020_9BL2TAMRGK_0_14630017_Accountantsverklaring_11826_Stichting Annadal Kliniek.pdf,[]
214,DigiMV2020_3UE55WDKVY_0_76036782_Accountantsverklaring_7820_Stichting Volantis in zorg.pdf,[]
215,DigiMV2020_YKCS3E22JB_0_50852809_Accountantsverklaring_2205_ReVisie (Stichting).pdf,[]
216,DigiMV2020_ZY4A4NPGSB_0_74804367_Jaarrekening_2490_Stichting Maashorst Oogkliniek.pdf,[]
217,DigiMV2020_CFCD88V3B6_0_70317135_Accountantsverklaring_7871_Bij Bram B.V..pdf,[]
218,DigiMV2020_LV4P6KPNUP_0_28115229_Jaarrekening_9834_Nova Zembla Zorg Oegstgeest B.V..pdf,"[1, 49]"
219,DigiMV2020_P43GES3QUM_0_61729256_Jaarrekening_2723_PEP Psychologen (Stichting).pdf,[12]
220,DigiMV2020_9N4LX9DD26_0_51709015_Jaarrekening_4948_Adelante Groep (Stichting).pdf,[41]
221,DigiMV2020_MER6QTBPWE_0_64286959_Overig_8210_De Toekomst (Stichting).pdf,[]
222,DigiMV2020_9N4LX9DD26_0_51709015_Accountantsverklaring_4950_Adelante Groep (Stichting).pdf,[]
223,DigiMV2020_3P8LQHQPM8_0_57615225_Accountantsverklaring_9947_Cumulus Home B.V..pdf,[2]
224,DigiMV2020_G8R8EAXP3P_0_71010548_Accountantsverklaring_8164_Stichting Nova Kind-Jeugdcentrum.pdf,[0]
225,DigiMV2020_7X3MDXXLS3_0_74230239_Overig_8510_Cordis thuiszorg B.V..pdf,[]
226,DigiMV2020_D378NP2TA9_0_30202982_Accountantsverklaring_6142_Het Jagerhuis B.V..pdf,[]
227,DigiMV2020_NQZVPZEULP_0_71941266_Jaarrekening_7531_Stichting Scoor Jeugdhulp.pdf,[5]
228,DigiMV2020_Q8C44KYNSB_0_41020715_Accountantsverklaring_4115_Zorgcollectief Zuidwest-Drenthe (Stichting).pdf,[]
229,DigiMV2020_VFRJNPMHBK_0_09109443_Accountantsverklaring_2644_Pactum jeugd- en opvoedhulp (Stichting).pdf,[]
230,DigiMV2020_VTAA3W23W6_0_09137871_Accountantsverklaring_7347_Vitaal thuiszorg B.V..pdf,[]
231,DigiMV2020_9LZKX9RYNL_0_05075948_Accountantsverklaring_7287_Praktijk Van der Zwaag.pdf,[]
232,DigiMV2020_2SFYKJN5QQ_0_73866121_Accountantsverklaring_4243_Gezins-logeerhuis Dolfijn B.V..pdf,[]
233,DigiMV2020_X3KVZJXVC9_0_50561006_Jaarrekening_10215_BPM Zorg (Stichting).pdf,"[17, 18]"
234,DigiMV2020_YVJE2H53RL_0_59797762_Jaarrekening_7658_Maatschappelijk Ondersteunings Centrum Nijmegen e.o. (Stichting).pdf,[]
235,DigiMV2020_2EE65ATJV7_0_65613902_Jaarrekening_10495_Curae Zorg (B.V).pdf,[15]
236,DigiMV2020_NZA9A34CYB_0_37138130_Jaarrekening_3257_MagentaZorg (Stichting).pdf,[16]
237,DigiMV2020_6SR7VLCEGT_0_71331263_Jaarrekening_10542_Eminent Wonen & Zorg Enschede B.V..pdf,[23]
238,DigiMV2020_XL5U5LEMB9_0_34203908_Accountantsverklaring_6912_Voorzet Begeleiding B.V..pdf,[]
239,DigiMV2020_952MCAAJYH_0_57648107_Jaarrekening_9010_Stichting OpenDoor.pdf,"[38, 43, 46]"
240,DigiMV2020_8VWSKS8N7Y_0_73348740_Jaarrekening_2923_Gelder Thuiszorg V & V B.V..pdf,[]
241,DigiMV2020_X9ZWEKZNRT_0_41017323_Jaarrekening_3996_Wilhelmina Ziekenhuis Assen (Stichting).pdf,[96]
242,DigiMV2020_YV6UMCWRU8_0_62984594_Accountantsverklaring_11818_Esila Zorg .pdf,[]
243,DigiMV2020_YVJE2H53RL_0_59797762_Accountantsverklaring_12345_Maatschappelijk Ondersteunings Centrum Nijmegen e.o. (Stichting).pdf,[3]
244,DigiMV2020_N7PBJ6YHGC_0_53496914_Jaarrekening_11768_Eucura (Stichting).pdf,"[5, 16]"
245,DigiMV2020_TBQ6968AHS_0_61637777_Overig_5801_Stichting Astara.pdf,[]
246,DigiMV2020_TD2PTCUEQD_0_30247502_Jaarrekening_7877_Omgangshuis Houten.pdf,[]
247,DigiMV2020_9SFYDE48FD_0_76877434_Overig_3682_Numodozorg B.V..pdf,[]
248,DigiMV2020_9NL4P7TQBK_0_20143759_Jaarrekening_6565_Stichting 't Huus.pdf,[]
249,DigiMV2020_BBPR9KMDE4_0_69549990_Accountantsverklaring_8494_Insieme Cura (B.V.).pdf,[]
250,DigiMV2020_YKTEZ2MUF6_0_54137241_Accountantsverklaring_2335_MKA Groep B.V..pdf,[]
251,DigiMV2020_23TA75ZTW6_0_71406433_Jaarrekening_8995_Stichting Zorgstation HW.pdf,[]
252,DigiMV2020_SXVDS9Y2AQ_0_82442584_Jaarrekening_8433_Stal van Zundert Woonzorg B.V..pdf,[]
253,DigiMV2020_YU9MQ3YGWA_0_75534614_Jaarrekening_3670_De Kans Nr. 2 B.V..pdf,[]
254,DigiMV2020_7H9MKDGKS6_0_14100256_Jaarrekening_6388_U-center B.V..pdf,"[35, 55]"
255,DigiMV2020_4GNRGZ997U_0_68089856_Overig_7721_Home Instead Thuisservice 't Gooi B.V..pdf,[1]
256,DigiMV2020_ULVV99BV28_0_67176771_Accountantsverklaring_5690_Excellent Klinieken (Stichting).pdf,[]
257,DigiMV2020_YL4SXLAD4P_0_24249613_Jaarrekening_9126_Yalisco Thuiszorg Groot Brabant B.V..pdf,"[17, 18]"
258,DigiMV2020_58BBYBBLGX_0_66134692_Accountantsverklaring_4359_Edsersheerd B.V..pdf,[0]
259,DigiMV2020_VSS6SXRUM4_0_24480077_Accountantsverklaring_11977_BONT (Stichting).pdf,[44]
260,DigiMV2020_9BE2KLCKHB_0_41125548_Accountantsverklaring_3968_IJsselmonde-Oost (Stichting).pdf,[]
261,DigiMV2020_3GQMYFA5DG_0_27278745_Jaarrekening_4252_Fundis (Stichting).pdf,"[8, 14, 30]"
262,DigiMV2020_7FMRR3X2P7_0_05072572_Accountantsverklaring_6287_Stichting ZGR.pdf,[]
263,DigiMV2020_ZY4A4NPGSB_0_74804367_Accountantsverklaring_2491_Stichting Maashorst Oogkliniek.pdf,[]
264,DigiMV2020_P43GES3QUM_0_61729256_Accountantsverklaring_2724_PEP Psychologen (Stichting).pdf,[1]
265,DigiMV2020_8NWWWJ532L_0_71139869_Jaarrekening_7437_SAM- en...B.V..pdf,[]
266,DigiMV2020_E5D7SJMDXP_0_23088794_Jaarrekening_11938_Stichting Palliatieve Zorg Dirksland.pdf,"[3, 7]"
267,DigiMV2020_XLVPP5GH79_0_14129569_Jaarrekening_6114_Vleugelzorg (Stichting).pdf,[]
268,DigiMV2020_9NBY3TQ746_0_24417607_Accountantsverklaring_6854_Parnassia Groep B.V..pdf,[]
269,DigiMV2020_9N59K46D99_0_61192120_Jaarrekening_2638_Uitblinkers (Stichting).pdf,[]
270,DigiMV2020_J6TC5GFLQK_0_51507455_Accountantsverklaring_2471_Psy-zo! B.V..pdf,[]
271,DigiMV2020_J6RF69VN57_0_09179857_Jaarrekening_5426_I Care B.V..pdf,[14]
272,"DigiMV2020_W7LEVZYNC6_0_41244219_Overig_5268_Woon-, Zorg- en Dienstencentrum 't Dijkhuis (Stichting).pdf",[]
273,DigiMV2020_Q7P89N66DD_0_11068704_Accountantsverklaring_9309_De Wilgenhoeve B.V..pdf,[]
274,DigiMV2020_3GQMYFA5DG_0_27278745_Accountantsverklaring_4255_Fundis (Stichting).pdf,[]
275,DigiMV2020_Q8DQJQKJMR_0_14102155_Jaarrekening_8127_Dr. Mulkens Kliniek.pdf,"[7, 12]"
276,DigiMV2020_YKNNQYKASR_0_54735211_Accountantsverklaring_8685_Cura Clinic (Stichting).pdf,[]
277,DigiMV2020_TBQ6968AHS_0_61637777_Overig_5800_Stichting Astara.pdf,[]
278,DigiMV2020_3YP7XSNYPK_0_62972065_Jaarrekening_11685_Villa Vivre B.V..pdf,[]
279,DigiMV2020_YAZ7UUHPFR_0_04062063_Accountantsverklaring_2294_Stichting Yorneo.pdf,[]
280,DigiMV2020_W7RNDAWSW6_0_09140622_Jaarrekening_7996_Woonzorgnet B.V..pdf,[]
281,"DigiMV2020_YS9KZ5WY6T_0_41047384_Accountantsverklaring_11666_Het Schild, Centrum voor Visueel Gehandicapte Ouderen (Stichting).pdf",[]
282,DigiMV2020_NJ94T7JCEN_0_56383088_Accountantsverklaring_10484_Psychologen Kollektief Groningen B.V..pdf,[32]
283,DigiMV2020_NQZVPZEULP_0_71941266_Accountantsverklaring_7536_Stichting Scoor Jeugdhulp.pdf,"[0, 1, 2]"
284,DigiMV2020_W7SYCM8RY6_0_41088848_Overig_3149_Archipel (Stichting).pdf,[]
285,DigiMV2020_Q8B76F3RNR_0_24431770_Jaarrekening_8190_Pain Center of Europe (Stichting).pdf,"[2, 7]"
286,DigiMV2020_J6C7GWREX6_0_52716325_Jaarrekening_7396_KompAss B.V..pdf,[23]
287,DigiMV2020_743FVHL99T_0_51662264_Accountantsverklaring_5835_Dienstencentrum Oud Burgeren Gasthuis (Stichting).pdf,[]
288,DigiMV2020_N8JZBEWR59_0_59184833_Overig_12651_Rima Zorg (B.V)..pdf,"[0, 1, 2]"
289,DigiMV2020_VUM5M72TGH_0_09159137_Jaarrekening_3955_Zorgboerderij De Veenhoeve (Stichting).pdf,[15]
290,DigiMV2020_5TU9NSBJWL_0_64058956_Accountantsverklaring_6086_KluppluZ B.V..pdf,[]
291,DigiMV2020_BQ4W2QU6ND_0_68354010_Jaarrekening_8758_St. Petrus Zorg.pdf,[]
292,DigiMV2020_TBTYAXLEQ5_0_34240520_Jaarrekening_9331_Wijkzorg Nederland (Stichting).pdf,[]
293,DigiMV2020_J6TC5GFLQK_0_51507455_Jaarrekening_2470_Psy-zo! B.V..pdf,[]
294,DigiMV2020_YY3W7LCG29_0_09109870_Accountantsverklaring_2768_BOTS Begeleiding B.V..pdf,[]
295,DigiMV2020_GNZA6MPYNQ_0_71163204_Jaarrekening_6075_Amado Dronten B.V..pdf,"[6, 10, 21, 22]"
296,DigiMV2020_XL5U5LEMB9_0_34203908_Jaarrekening_6911_Voorzet Begeleiding B.V..pdf,[]
297,DigiMV2020_N7B7AREYPN_0_57519943_Accountantsverklaring_2908_Het Werkt (Stichting).pdf,[]
298,DigiMV2020_7ZGSFWPEJS_0_65311272_Accountantsverklaring_7859_Hart voor Jeugd.pdf,[1]
299,DigiMV2020_G8R8EAXP3P_0_71010548_Accountantsverklaring_8165_Stichting Nova Kind-Jeugdcentrum.pdf,[]
300,DigiMV2020_ED5SVYDESW_0_32133393_Jaarrekening_9377_Dermicis (Stichting).pdf,[15]
301,DigiMV2020_3GQMYFA5DG_0_27278745_Accountantsverklaring_4240_Fundis (Stichting).pdf,[]
302,DigiMV2020_VF9ZAA325Q_0_61168254_Jaarrekening_2965_Au Boulot (Stichting).pdf,[]
303,DigiMV2020_YK2AZUM46Q_0_34384467_Accountantsverklaring_6728_De Praktijk IJmond B.V..pdf,[]
304,DigiMV2020_Q8HR8AY5F9_0_01096675_Accountantsverklaring_5942_Stichting Zorg Op Maat - ZOM.pdf,[]
305,DigiMV2020_3GQMYFA5DG_0_27278745_Jaarrekening_4221_Fundis (Stichting).pdf,[30]
306,DigiMV2020_17F1BD22-951C-485F-ABA8-659FA1D20ACC_0_67714080_Jaarrekening_12412_Zintri Home 4 You B.V..pdf,[14]
307,DigiMV2020_QEFF3GH48L_0_64421198_Jaarrekening_7683_Cöoperatie Zorg en Plezier U.A..pdf,[18]
308,DigiMV2020_5H7Z3857WP_0_17193378_Jaarrekening_12197_Osperon B.V..pdf,[24]
309,DigiMV2020_XVTQ3Z7UQ2_0_69164789_Jaarrekening_8426_Huid Medisch Centrum.pdf,[15]
310,DigiMV2020_5YWK893U9F_0_63616246_Jaarrekening_8885_Stichting Van Klooster tot Emmaus.pdf,[]
311,DigiMV2020_Q8HR8AY5F9_0_01096675_Overig_5944_Stichting Zorg Op Maat - ZOM.pdf,[0]
312,DigiMV2020_Q8ZLS8EU4K_0_32139459_Jaarrekening_4495_De Kinderkliniek (Stichting).pdf,"[14, 18]"
313,DigiMV2020_D9C4D103-65DD-4B07-B044-1B76EC90CA12_0_64768325_Overig_5994_WorkMate Company B.V..pdf,"[0, 1, 2]"
314,DigiMV2020_4KN9CEVRX8_0_72957611_Accountantsverklaring_7855_Stichting Echocura.pdf,[]
315,DigiMV2020_TC2Y4QWDE7_0_71454276_Accountantsverklaring_10471_EVSA CARE B.V..pdf,[]
316,DigiMV2020_5J63CFF5Z5_0_66397375_Jaarrekening_3917_Stichting PsyNovo.pdf,[]
317,DigiMV2020_9NBY3TQ746_0_24417607_Jaarrekening_6850_Parnassia Groep B.V..pdf,"[83, 152, 153, 154]"
318,DigiMV2020_BRD3TMPJ2P_0_60824522_Accountantsverklaring_8196_Via Almata.pdf,[]
319,DigiMV2020_9SFYDE48FD_0_76877434_Accountantsverklaring_3681_Numodozorg B.V..pdf,[]
320,DigiMV2020_7FHWSGF3X7_0_65680200_Jaarrekening_2743_Trivers Psychologie B.V..pdf,[]
321,DigiMV2020_LV7KMBXSWB_0_09212724_Accountantsverklaring_5698_GGD Gelderland-Zuid (Veilig Thuis).pdf,[]
322,DigiMV2020_NF6GZ3V2XX_0_76669181_Jaarrekening_10287_Tulp Thuiszorg B.V..pdf,[]
323,DigiMV2020_4GNRGZ997U_0_68089856_Accountantsverklaring_7720_Home Instead Thuisservice 't Gooi B.V..pdf,[]
324,DigiMV2020_VT8B2LBAYM_0_71901892_Jaarrekening_9353_De Heeren van de Archipel B.V..pdf,[]
325,DigiMV2020_KALAGS7CU6_0_68437056_Accountantsverklaring_4836_Enver (Stichting).pdf,[]
326,DigiMV2020_AAVWAM4N5A_0_76622967_Accountantsverklaring_12047_Thuiszorg Maria B.V..pdf,[]
327,DigiMV2020_AKQBMV8EUB_0_60576901_Accountantsverklaring_5261_Joy Living.pdf,[]
328,DigiMV2020_NX6VU9YHBG_0_59647299_Accountantsverklaring_8965_Felay Thuiszorg (B.V.).pdf,[]
329,DigiMV2020_Q8C44KYNSB_0_41020715_Jaarrekening_4114_Zorgcollectief Zuidwest-Drenthe (Stichting).pdf,"[22, 23]"
330,DigiMV2020_3568ZQQZ8T_0_41222646_Accountantsverklaring_9680_Stichting Epilepsie Instellingen Nederland (SEIN).pdf,[1]
331,DigiMV2020_VN8GQ7EAHQ_0_55944639_Jaarrekening_6624_Piti.pdf,[]
332,DigiMV2020_NX6VU9YHBG_0_59647299_Jaarrekening_8964_Felay Thuiszorg (B.V.).pdf,"[5, 15, 16]"
333,DigiMV2020_74BNPR6FYK_0_41223176_Jaarrekening_4092_Nieuw Unicum (Stichting).pdf,"[24, 25, 26]"
334,DigiMV2020_N7B7AREYPN_0_57519943_Jaarrekening_2907_Het Werkt (Stichting).pdf,"[6, 18]"
335,DigiMV2020_9RSYC6CNZQ_0_34289162_Overig_7440_UvA - Minds B.V..pdf,"[0, 2]"
336,DigiMV2020_NRKA9QRMGB_0_27261487_Accountantsverklaring_8742_Impegno Begeleiding B.V..pdf,[]
337,DigiMV2020_W9W5JAVE8B_0_68364032_Jaarrekening_11821_Chiron Zorg B.V..pdf,[]
338,DigiMV2020_NRKA9QRMGB_0_27261487_Jaarrekening_8741_Impegno Begeleiding B.V..pdf,[38]
339,DigiMV2020_TBQ6968AHS_0_61637777_Jaarrekening_5798_Stichting Astara.pdf,[]
340,DigiMV2020_J6LS9AXL99_0_34337713_Jaarrekening_7301_ROZA zorg.pdf,[16]
341,DigiMV2020_CEJX739LD9_0_02095203_Accountantsverklaring_8861_Amigo (Stichting).pdf,[]
342,DigiMV2020_YKCS3E22JB_0_50852809_Accountantsverklaring_2204_ReVisie (Stichting).pdf,[]
343,DigiMV2020_NXUF5UTNW6_0_54248353_Accountantsverklaring_3145_PGVZ B.V..pdf,[]
344,DigiMV2020_3GH4J7JM3R_0_41208154_Accountantsverklaring_5485_Leger des Heils Welzijns- en Gezondheidszorg (Stichting).pdf,[]
345,DigiMV2020_VSS6SXRUM4_0_24480077_Jaarrekening_11976_BONT (Stichting).pdf,[46]
346,DigiMV2020_WPUAXVKR2B_0_20100506_Jaarrekening_4408_GGZ Westelijk Noord-Brabant _ GGZ-WNB (Stichting).pdf,"[28, 29, 30]"
347,DigiMV2020_V28VTN6WUT_0_41102051_Accountantsverklaring_4584_Ruitersbos (Stichting).pdf,[]
348,DigiMV2020_SK5TE7ACQ5_0_64727483_Accountantsverklaring_9373_Saam Op (Stichting).pdf,[0]
349,DigiMV2020_3GU8R9N4R7_0_41022558_Jaarrekening_9807_Rosengaerde (Stichting).pdf,"[22, 23]"
350,DigiMV2020_SK5TE7ACQ5_0_64727483_Jaarrekening_8478_Saam Op (Stichting).pdf,[]
351,DigiMV2020_VFYDG2XSYT_0_55772803_Accountantsverklaring_2627_Zorg Intens B.V..pdf,[0]
352,"DigiMV2020_W7LEVZYNC6_0_41244219_Jaarrekening_5200_Woon-, Zorg- en Dienstencentrum 't Dijkhuis (Stichting).pdf","[25, 26, 27, 42]"
353,"DigiMV2020_YATG8QKBAK_0_17126402_Accountantsverklaring_4412_Savant, Organisatie voor Zorg (Stichting).pdf",[]
354,DigiMV2020_LV7KMBXSWB_0_09212724_Jaarrekening_5697_GGD Gelderland-Zuid (Veilig Thuis).pdf,"[1, 38, 39]"
355,DigiMV2020_CTV68Q6U5S_0_73373818_Jaarrekening_4695_Corsel B.V..pdf,[]
356,DigiMV2020_2FJ775FMWQ_0_74967894_Jaarrekening_2553_Educatieve zorgboerderij Landelijk leven B.V..pdf,"[9, 14, 21]"
357,DigiMV2020_XET9XRT7HR_0_05075690_Jaarrekening_6600_Omega Groep B.V..pdf,[70]
358,DigiMV2020_UVYDJVSXLF_0_73562033_Jaarrekening_5305_Van Belang B.V..pdf,"[23, 24]"
359,DigiMV2020_YKUGZBQ36B_0_50625586_Jaarrekening_9263_G-kracht psychomedisch Centrum B.V..pdf,[]
360,DigiMV2020_X97X9F39T7_0_24369841_Jaarrekening_2785_ASVZ (Stichting).pdf,"[6, 28, 29]"
361,DigiMV2020_AAVWAM4N5A_0_76622967_Jaarrekening_12046_Thuiszorg Maria B.V..pdf,[]
362,DigiMV2020_9B4ML4ESPT_0_30249284_Accountantsverklaring_4526_Eye P (Stichting).pdf,[13]
363,DigiMV2020_NJ94T7JCEN_0_56383088_Jaarrekening_10482_Psychologen Kollektief Groningen B.V..pdf,[32]
364,DigiMV2020_9N4LX9DD26_0_51709015_Jaarrekening_4947_Adelante Groep (Stichting).pdf,[40]
365,DigiMV2020_DD2Q42ELYR_0_72777184_Jaarrekening_12416_Thuiszorg Al-Bir B.V..pdf,[8]
366,DigiMV2020_ZL5QGFXB4J_0_75791307_Jaarrekening_6793_Elis Dagbesteding B.V..pdf,[25]
367,DigiMV2020_6SR7VLCEGT_0_71331263_Accountantsverklaring_10543_Eminent Wonen & Zorg Enschede B.V..pdf,[]
368,DigiMV2020_NZZ7VU7B27_0_27047100_Accountantsverklaring_9357_Kessler Stichting.pdf,[]
369,DigiMV2020_WDEQHJ89DT_0_50125095_Accountantsverklaring_9237_Autismepunt B.V..pdf,[]
370,DigiMV2020_YKTEZ2MUF6_0_54137241_Jaarrekening_2336_MKA Groep B.V..pdf,[]
371,DigiMV2020_743FVHL99T_0_51662264_Jaarrekening_5834_Dienstencentrum Oud Burgeren Gasthuis (Stichting).pdf,"[1, 24]"
372,DigiMV2020_TD2PTCUEQD_0_30247502_Accountantsverklaring_7879_Omgangshuis Houten.pdf,[]
373,DigiMV2020_3GQMYFA5DG_0_27278745_Accountantsverklaring_4253_Fundis (Stichting).pdf,[]
374,DigiMV2020_G8R8EAXP3P_0_71010548_Jaarrekening_6288_Stichting Nova Kind-Jeugdcentrum.pdf,[]
375,DigiMV2020_W7A2ATE2CT_0_17225014_Accountantsverklaring_4907_Mariënstede (Stichting).pdf,[]
376,DigiMV2020_V253SRE45G_0_41244295_Jaarrekening_3193_Deventer Ziekenhuis (Stichting).pdf,"[29, 30]"
377,DigiMV2020_X97X9F39T7_0_24369841_Accountantsverklaring_2786_ASVZ (Stichting).pdf,[1]
378,DigiMV2020_9ULLUHFBB7_0_01178096_Jaarrekening_3659_Alliade (Stichting).pdf,"[5, 9, 22]"
379,DigiMV2020_YK2AZUM46Q_0_34384467_Jaarrekening_6727_De Praktijk IJmond B.V..pdf,[]
380,DigiMV2020_3PLKL7P986_0_54767636_Accountantsverklaring_10567_Villa Attent B.V..pdf,"[6, 25]"
381,DigiMV2020_9DNUT9MFTR_0_66986974_Accountantsverklaring_3557_Reva Clinic (Stichting).pdf,[0]
382,DigiMV2020_RWPPD2QHS6_0_62121529_Jaarrekening_8466_BIBI Huis.pdf,[]
383,DigiMV2020_8XWRV287UD_0_72680148_Jaarrekening_2774_Stichting Centrum Kaakchirurgie Eindhoven e.o..pdf,[]
384,DigiMV2020_J6RF69VN57_0_09179857_Accountantsverklaring_5427_I Care B.V..pdf,[14]
385,DigiMV2020_9B4ML4ESPT_0_30249284_Jaarrekening_4525_Eye P (Stichting).pdf,[13]
386,DigiMV2020_J6LS9AXL99_0_34337713_Accountantsverklaring_7302_ROZA zorg.pdf,[]
387,DigiMV2020_48DMT4S6VT_0_65744845_Jaarrekening_3791_Ter Wal Woonzorg (B.V)..pdf,[28]
388,DigiMV2020_743FVHL99T_0_51662264_Overig_5836_Dienstencentrum Oud Burgeren Gasthuis (Stichting).pdf,[]
389,DigiMV2020_G29ME33NA4_0_52397424_Accountantsverklaring_8266_Zorgboerderij De Kruidenhoeve.pdf,[]
390,DigiMV2020_9RSYC6CNZQ_0_34289162_Accountantsverklaring_7284_UvA - Minds B.V..pdf,[]
391,DigiMV2020_XET9XRT7HR_0_05075690_Accountantsverklaring_6588_Omega Groep B.V..pdf,[0]
392,DigiMV2020_VFM29THY99_0_01099530_Accountantsverklaring_3058_Regiecentrum Bescherming en Veiligheid (Stichting) .pdf,[]
393,DigiMV2020_NQCN2TH7XD_0_14031907_Jaarrekening_8037_Riskcare B.V..pdf,[]
394,DigiMV2020_9BDJQSFXXT_0_41136257_Jaarrekening_4256_Stichting Zorgbeheer De Zellingen.pdf,"[6, 25, 26, 27]"
395,DigiMV2020_YMX7LLGKQ5_0_69853711_Jaarrekening_10034_Bee at Home.pdf,[]
396,DigiMV2020_3QCSFPZRAT_0_20134010_Jaarrekening_5312_Merano Management B.V..pdf,[]
397,DigiMV2020_SMSZ8XSNUW_0_51498243_Accountantsverklaring_10281_Bij de Hoeve (Stichting).pdf,[]
398,DigiMV2020_VFYDG2XSYT_0_55772803_Jaarrekening_5839_Zorg Intens B.V..pdf,[19]
399,DigiMV2020_BYF8JXRZRL_0_41222732_Jaarrekening_9182_Sport- en Beweegkliniek (Stichting).pdf,"[8, 24, 25]"
400,DigiMV2020_QEFF3GH48L_0_64421198_Accountantsverklaring_7684_Cöoperatie Zorg en Plezier U.A..pdf,[]
401,DigiMV2020_AKQBMV8EUB_0_60576901_Jaarrekening_2904_Joy Living.pdf,[]
402,DigiMV2020_3PLKL7P986_0_54767636_Overig_10568_Villa Attent B.V..pdf,"[6, 25]"
403,DigiMV2020_QUEY4A9BSP_0_68681437_Jaarrekening_3936_Coöperatie De MARQ U.A..pdf,"[24, 25]"
404,DigiMV2020_VTRD5U4EU7_0_53745817_Accountantsverklaring_5158_Juutsom (Stichting).pdf,[]
405,DigiMV2020_NMAHSS2Z24_0_61354740_Accountantsverklaring_6187_HappyNurse Thuiszorg B.V..pdf,[]
406,DigiMV2020_74GV3FCVK6_0_41059294_Accountantsverklaring_5430_Interconfessionele Stichting Gezondheidszorg Rivierenland.pdf,[]
407,DigiMV2020_JPTWGK5ZTV_0_72111526_Overig_12310_Nacos Zorg B.V..pdf,[]
408,DigiMV2020_W7SYCM8RY6_0_41088848_Accountantsverklaring_8141_Archipel (Stichting).pdf,[]
409,DigiMV2020_Q8L7XPKNJT_0_08130883_Accountantsverklaring_3272_Zorggroep Sint Maarten (Stichting).pdf,[]
410,DigiMV2020_9BS5RCA656_0_41130278_Jaarrekening_8851_Verpleeghuis Salem (Stichting).pdf,"[9, 19]"
411,DigiMV2020_7X3MDXXLS3_0_74230239_Jaarrekening_8519_Cordis thuiszorg B.V..pdf,[]
412,DigiMV2020_W75YC6A7JG_0_41214358_Jaarrekening_3719_Windroos Foundation (Stichting).pdf,"[5, 18, 20]"
413,DigiMV2020_7X3MDXXLS3_0_74230239_Accountantsverklaring_8520_Cordis thuiszorg B.V..pdf,[]
414,DigiMV2020_NXTSXNY6GS_0_08176555_Jaarrekening_7828_Dr. Kappel Instituut (Stichting).pdf,[]
415,DigiMV2020_7BM7PJWSVK_0_77928806_Jaarrekening_10612_Stichting planbare zorg.pdf,[]
416,DigiMV2020_CTV68Q6U5S_0_73373818_Accountantsverklaring_4696_Corsel B.V..pdf,[]
417,DigiMV2020_VNNFNSNTAM_0_75316196_Jaarrekening_5673_Forward GGZ B.V..pdf,[]
418,DigiMV2020_3GQMYFA5DG_0_27278745_Jaarrekening_4254_Fundis (Stichting).pdf,"[8, 11, 20]"
419,DigiMV2020_XE5WC75KUB_0_39080795_Accountantsverklaring_6273_Royal Care B.V..pdf,[]
420,DigiMV2020_EB5F87A0-972A-4122-AFE1-EB02DA569C3B_0_78240298_Jaarrekening_8771_Koel Jeugdzorg B.V..pdf,[]
421,DigiMV2020_35NE64SBXA_0_64707555_Jaarrekening_12121_Ranonkel Wonen B.V..pdf,[]
422,DigiMV2020_9ULLUHFBB7_0_01178096_Accountantsverklaring_3644_Alliade (Stichting).pdf,[]
423,DigiMV2020_WDEQHJ89DT_0_50125095_Jaarrekening_9236_Autismepunt B.V..pdf,"[29, 38]"
424,DigiMV2020_NMAHSS2Z24_0_61354740_Jaarrekening_6188_HappyNurse Thuiszorg B.V..pdf,[]
425,DigiMV2020_Q8DQJQKJMR_0_14102155_Accountantsverklaring_8128_Dr. Mulkens Kliniek.pdf,"[18, 21]"
426,DigiMV2020_35UV4S7BZK_0_32123338_Accountantsverklaring_8339_Diapriva Buitenveldert B.V..pdf,[]
427,"DigiMV2020_YS9KZ5WY6T_0_41047384_Jaarrekening_11665_Het Schild, Centrum voor Visueel Gehandicapte Ouderen (Stichting).pdf","[21, 23]"
428,DigiMV2020_XLVPP5GH79_0_14129569_Accountantsverklaring_6115_Vleugelzorg (Stichting).pdf,[]
429,DigiMV2020_3YP7XSNYPK_0_62972065_Accountantsverklaring_11686_Villa Vivre B.V..pdf,[]
430,DigiMV2020_V2VVK25YEG_0_41090962_Accountantsverklaring_9502_Valkenhof (Stichting).pdf,[]
431,DigiMV2020_NZZ7VU7B27_0_27047100_Jaarrekening_9355_Kessler Stichting.pdf,"[22, 77]"
432,DigiMV2020_Q7P89N66DD_0_11068704_Jaarrekening_9305_De Wilgenhoeve B.V..pdf,[]
433,DigiMV2020_9BJ7W3L85G_0_12065323_Jaarrekening_7987_Proteion Groep (Stichting).pdf,"[30, 31, 45]"
434,DigiMV2020_3SQ8GWXCW8_0_62072900_Jaarrekening_10332_Stichting Su International Zorg.pdf,[19]
435,DigiMV2020_XEL3M3U5U6_0_24368210_Accountantsverklaring_9419_Zorginstelling De Terp (Stichting).pdf,[25]
436,DigiMV2020_74GV3FCVK6_0_41059294_Jaarrekening_5439_Interconfessionele Stichting Gezondheidszorg Rivierenland.pdf,"[6, 11, 30, 31]"
437,DigiMV2020_Y5XCP5FK57_0_66761794_Jaarrekening_3737_Feyza Care B.V..pdf,[]
438,DigiMV2020_BBPR9KMDE4_0_69549990_Jaarrekening_8487_Insieme Cura (B.V.).pdf,[]
439,DigiMV2020_Q8HR8AY5F9_0_01096675_Jaarrekening_5941_Stichting Zorg Op Maat - ZOM.pdf,[]
440,DigiMV2020_RB8HB2PD45_0_71937250_Jaarrekening_7134_De Naober Dagbesteding B.V..pdf,[]
441,"DigiMV2020_YATG8QKBAK_0_17126402_Jaarrekening_4411_Savant, Organisatie voor Zorg (Stichting).pdf","[26, 27]"
442,DigiMV2020_JPTWGK5ZTV_0_72111526_Accountantsverklaring_12309_Nacos Zorg B.V..pdf,[]
443,DigiMV2020_WRUVZWWZM8_0_76664309_Jaarrekening_9187_Gefferie's Care B.V..pdf,[]
444,DigiMV2020_QCH8HH8LVB_0_39099109_Overig_12133_DeMensZo _ Kiewiet Welzijn B.V..pdf,[0]
445,DigiMV2020_NX6VU9YHBG_0_59647299_Overig_8966_Felay Thuiszorg (B.V.).pdf,[1]
446,DigiMV2020_X3KVZJXVC9_0_50561006_Accountantsverklaring_10219_BPM Zorg (Stichting).pdf,[0]
447,DigiMV2020_9U7ZL37VMB_0_41194854_Accountantsverklaring_3056_Stichting Merem Medische Revalidatie.pdf,[]
448,DigiMV2020_3PLKL7P986_0_54767636_Jaarrekening_11873_Villa Attent B.V..pdf,[]
449,DigiMV2020_AAVWAM4N5A_0_76622967_Overig_9889_Thuiszorg Maria B.V..pdf,[]
450,DigiMV2020_9BL2TAMRGK_0_14630017_Jaarrekening_11824_Stichting Annadal Kliniek.pdf,"[18, 19, 20]"
451,DigiMV2020_9LZKX9RYNL_0_05075948_Jaarrekening_7286_Praktijk Van der Zwaag.pdf,[]
